{
  "benchmark_id": "2d138458-343f-44e5-b8b7-8b024ab3c317",
  "benchmark_type": "active",
  "workflow_name": "Detection",
  "workflow_version": "1.0.0",
  "iterations": 3,
  "hardware": {
    "cpu_count": 32,
    "total_memory_bytes": 540142198784,
    "gpu_available": true,
    "gpu_devices": [
      {
        "name": "NVIDIA A10",
        "memory_bytes": 23686938624,
        "device_index": 0
      },
      {
        "name": "NVIDIA A10",
        "memory_bytes": 23686938624,
        "device_index": 1
      }
    ],
    "gpu_memory_bytes": 47373877248,
    "platform_info": "Linux-5.14.0-611.30.1.el9_7.x86_64-x86_64-with-glibc2.39",
    "python_version": "3.12.3 (main, Nov  6 2025, 13:44:16) [GCC 13.3.0]",
    "hostname": "067cbb665a91",
    "captured_at": "2026-02-19T17:11:39.266596+00:00"
  },
  "total_wall_time": {
    "count": 3,
    "min": 39.43525520700496,
    "max": 39.80531078300555,
    "mean": 39.58544560900433,
    "median": 39.51577083700249,
    "stddev": 0.19461812023142808,
    "p95": 39.776356788405245,
    "values": [
      39.51577083700249,
      39.80531078300555,
      39.43525520700496
    ]
  },
  "total_cpu_time": {
    "count": 3,
    "min": 39.28233885399999,
    "max": 39.640819936000014,
    "mean": 39.43143992666666,
    "median": 39.37116098999999,
    "stddev": 0.18668779872349933,
    "p95": 39.61385404140001,
    "values": [
      39.37116098999999,
      39.640819936000014,
      39.28233885399999
    ]
  },
  "total_peak_rss": {
    "count": 3,
    "min": 16000005865.0,
    "max": 16000006122.0,
    "mean": 16000006009.333334,
    "median": 16000006041.0,
    "stddev": 131.39381010281016,
    "p95": 16000006113.9,
    "values": [
      16000006122.0,
      16000006041.0,
      16000005865.0
    ]
  },
  "step_results": [
    {
      "step_index": 0,
      "processor_name": "SublookDecomposition",
      "wall_time_s": {
        "count": 3,
        "min": 17.20842677699693,
        "max": 17.436321410001256,
        "mean": 17.336878210332845,
        "median": 17.365886444000353,
        "stddev": 0.11668375702481275,
        "p95": 17.429277913401165,
        "values": [
          17.365886444000353,
          17.436321410001256,
          17.20842677699693
        ]
      },
      "cpu_time_s": {
        "count": 3,
        "min": 17.14226532700002,
        "max": 17.362715599000012,
        "mean": 17.26914150333334,
        "median": 17.302443583999988,
        "stddev": 0.11393573644280262,
        "p95": 17.356688397500008,
        "values": [
          17.302443583999988,
          17.362715599000012,
          17.14226532700002
        ]
      },
      "peak_rss_bytes": {
        "count": 3,
        "min": 8800004473.0,
        "max": 8800004538.0,
        "mean": 8800004513.666666,
        "median": 8800004530.0,
        "stddev": 35.44479275342619,
        "p95": 8800004537.2,
        "values": [
          8800004538.0,
          8800004530.0,
          8800004473.0
        ]
      },
      "gpu_used": false,
      "sample_count": 3
    },
    {
      "step_index": 1,
      "processor_name": "DominanceDetection",
      "wall_time_s": {
        "count": 3,
        "min": 22.147922801996174,
        "max": 22.367072304994508,
        "mean": 22.246681470998737,
        "median": 22.22504930600553,
        "stddev": 0.1111646935309239,
        "p95": 22.35287000509561,
        "values": [
          22.147922801996174,
          22.367072304994508,
          22.22504930600553
        ]
      },
      "cpu_time_s": {
        "count": 3,
        "min": 22.06677423100001,
        "max": 22.27621129900001,
        "mean": 22.16043384400001,
        "median": 22.13831600200001,
        "stddev": 0.10645595598256517,
        "p95": 22.262421769300012,
        "values": [
          22.06677423100001,
          22.27621129900001,
          22.13831600200001
        ]
      },
      "peak_rss_bytes": {
        "count": 3,
        "min": 16000005865.0,
        "max": 16000006122.0,
        "mean": 16000006009.333334,
        "median": 16000006041.0,
        "stddev": 131.39381010281016,
        "p95": 16000006113.9,
        "values": [
          16000006122.0,
          16000006041.0,
          16000005865.0
        ]
      },
      "gpu_used": false,
      "sample_count": 3
    }
  ],
  "raw_metrics": [
    {
      "workflow_id": "Detection:1.0.0",
      "run_id": "0549c074-486e-432d-8a22-3ebddce583e4",
      "workflow_name": "Detection",
      "workflow_version": "1.0.0",
      "total_wall_time_s": 39.51577083700249,
      "total_cpu_time_s": 39.37116098999999,
      "peak_rss_bytes": 16000006122,
      "step_metrics": [
        {
          "step_index": 0,
          "processor_name": "SublookDecomposition",
          "wall_time_s": 17.365886444000353,
          "cpu_time_s": 17.302443583999988,
          "peak_rss_bytes": 8800004538,
          "gpu_used": false,
          "status": "success",
          "error_message": null
        },
        {
          "step_index": 1,
          "processor_name": "DominanceDetection",
          "wall_time_s": 22.147922801996174,
          "cpu_time_s": 22.06677423100001,
          "peak_rss_bytes": 16000006122,
          "gpu_used": false,
          "status": "success",
          "error_message": null
        }
      ],
      "started_at": "2026-02-19T17:12:18.643852+00:00",
      "completed_at": "2026-02-19T17:12:58.159672+00:00",
      "status": "success",
      "error_message": null
    },
    {
      "workflow_id": "Detection:1.0.0",
      "run_id": "ac662eb3-55b8-4b8d-8387-34302376a963",
      "workflow_name": "Detection",
      "workflow_version": "1.0.0",
      "total_wall_time_s": 39.80531078300555,
      "total_cpu_time_s": 39.640819936000014,
      "peak_rss_bytes": 16000006041,
      "step_metrics": [
        {
          "step_index": 0,
          "processor_name": "SublookDecomposition",
          "wall_time_s": 17.436321410001256,
          "cpu_time_s": 17.362715599000012,
          "peak_rss_bytes": 8800004530,
          "gpu_used": false,
          "status": "success",
          "error_message": null
        },
        {
          "step_index": 1,
          "processor_name": "DominanceDetection",
          "wall_time_s": 22.367072304994508,
          "cpu_time_s": 22.27621129900001,
          "peak_rss_bytes": 16000006041,
          "gpu_used": false,
          "status": "success",
          "error_message": null
        }
      ],
      "started_at": "2026-02-19T17:12:58.160310+00:00",
      "completed_at": "2026-02-19T17:13:37.965671+00:00",
      "status": "success",
      "error_message": null
    },
    {
      "workflow_id": "Detection:1.0.0",
      "run_id": "220bed02-083f-43bf-aac2-e8bb2257da49",
      "workflow_name": "Detection",
      "workflow_version": "1.0.0",
      "total_wall_time_s": 39.43525520700496,
      "total_cpu_time_s": 39.28233885399999,
      "peak_rss_bytes": 16000005865,
      "step_metrics": [
        {
          "step_index": 0,
          "processor_name": "SublookDecomposition",
          "wall_time_s": 17.20842677699693,
          "cpu_time_s": 17.14226532700002,
          "peak_rss_bytes": 8800004473,
          "gpu_used": false,
          "status": "success",
          "error_message": null
        },
        {
          "step_index": 1,
          "processor_name": "DominanceDetection",
          "wall_time_s": 22.22504930600553,
          "cpu_time_s": 22.13831600200001,
          "peak_rss_bytes": 16000005865,
          "gpu_used": false,
          "status": "success",
          "error_message": null
        }
      ],
      "started_at": "2026-02-19T17:13:38.174450+00:00",
      "completed_at": "2026-02-19T17:14:17.609756+00:00",
      "status": "success",
      "error_message": null
    }
  ],
  "tags": {
    "workflow": "Detection"
  },
  "created_at": "2026-02-19T17:14:17.819765+00:00",
  "metadata": {}
}