{
  "benchmark_id": "4f1e2f90-2578-4046-9e28-89b13b355381",
  "benchmark_type": "active",
  "workflow_name": "Detection",
  "workflow_version": "1.0.0",
  "iterations": 3,
  "hardware": {
    "cpu_count": 32,
    "total_memory_bytes": 540142198784,
    "gpu_available": true,
    "gpu_devices": [
      {
        "name": "NVIDIA A10",
        "memory_bytes": 23686938624,
        "device_index": 0
      },
      {
        "name": "NVIDIA A10",
        "memory_bytes": 23686938624,
        "device_index": 1
      }
    ],
    "gpu_memory_bytes": 47373877248,
    "platform_info": "Linux-5.14.0-611.30.1.el9_7.x86_64-x86_64-with-glibc2.39",
    "python_version": "3.12.3 (main, Nov  6 2025, 13:44:16) [GCC 13.3.0]",
    "hostname": "067cbb665a91",
    "captured_at": "2026-02-19T16:47:35.291143+00:00"
  },
  "total_wall_time": {
    "count": 3,
    "min": 38.85202760899847,
    "max": 39.358406922998256,
    "mean": 39.053034207997065,
    "median": 38.94866809199448,
    "stddev": 0.26883864498770127,
    "p95": 39.31743303989788,
    "values": [
      38.85202760899847,
      38.94866809199448,
      39.358406922998256
    ]
  },
  "total_cpu_time": {
    "count": 3,
    "min": 38.721305887000014,
    "max": 39.22665419299997,
    "mean": 38.922919379,
    "median": 38.82079805700002,
    "stddev": 0.2677046897226967,
    "p95": 39.18606857939998,
    "values": [
      38.721305887000014,
      38.82079805700002,
      39.22665419299997
    ]
  },
  "total_peak_rss": {
    "count": 3,
    "min": 5600001088.0,
    "max": 5600001232.0,
    "mean": 5600001162.666667,
    "median": 5600001168.0,
    "stddev": 72.14799604516631,
    "p95": 5600001225.6,
    "values": [
      5600001232.0,
      5600001168.0,
      5600001088.0
    ]
  },
  "step_results": [
    {
      "step_index": 0,
      "processor_name": "SublookDecomposition",
      "wall_time_s": {
        "count": 3,
        "min": 16.924043459999666,
        "max": 17.217174359997443,
        "mean": 17.033198223000607,
        "median": 16.958376849004708,
        "stddev": 0.16025014707747465,
        "p95": 17.19129460889817,
        "values": [
          16.924043459999666,
          16.958376849004708,
          17.217174359997443
        ]
      },
      "cpu_time_s": {
        "count": 3,
        "min": 16.867211215999987,
        "max": 17.15489376300002,
        "mean": 16.974878854666667,
        "median": 16.90253158499999,
        "stddev": 0.15689457458202039,
        "p95": 17.129657545200015,
        "values": [
          16.867211215999987,
          16.90253158499999,
          17.15489376300002
        ]
      },
      "peak_rss_bytes": {
        "count": 3,
        "min": 5600001088.0,
        "max": 5600001232.0,
        "mean": 5600001162.666667,
        "median": 5600001168.0,
        "stddev": 72.14799604516631,
        "p95": 5600001225.6,
        "values": [
          5600001232.0,
          5600001168.0,
          5600001088.0
        ]
      },
      "gpu_used": false,
      "sample_count": 3
    },
    {
      "step_index": 1,
      "processor_name": "DominanceDetection",
      "wall_time_s": {
        "count": 3,
        "min": 21.924143055002787,
        "max": 22.13764237199939,
        "mean": 22.016194545668743,
        "median": 21.986798210004054,
        "stddev": 0.10974332782628486,
        "p95": 22.122557955799856,
        "values": [
          21.924143055002787,
          21.986798210004054,
          22.13764237199939
        ]
      },
      "cpu_time_s": {
        "count": 3,
        "min": 21.850278603999982,
        "max": 22.06819052999998,
        "mean": 21.944421329333323,
        "median": 21.914794854000007,
        "stddev": 0.11193613314637946,
        "p95": 22.052850962399983,
        "values": [
          21.850278603999982,
          21.914794854000007,
          22.06819052999998
        ]
      },
      "peak_rss_bytes": {
        "count": 3,
        "min": 1200002825.0,
        "max": 1200002911.0,
        "mean": 1200002866.0,
        "median": 1200002862.0,
        "stddev": 43.139309220245984,
        "p95": 1200002906.1,
        "values": [
          1200002825.0,
          1200002862.0,
          1200002911.0
        ]
      },
      "gpu_used": false,
      "sample_count": 3
    }
  ],
  "raw_metrics": [
    {
      "workflow_id": "Detection:1.0.0",
      "run_id": "9ea500ab-390b-4e36-bee3-57efe4aafb9f",
      "workflow_name": "Detection",
      "workflow_version": "1.0.0",
      "total_wall_time_s": 38.85202760899847,
      "total_cpu_time_s": 38.721305887000014,
      "peak_rss_bytes": 5600001232,
      "step_metrics": [
        {
          "step_index": 0,
          "processor_name": "SublookDecomposition",
          "wall_time_s": 16.924043459999666,
          "cpu_time_s": 16.867211215999987,
          "peak_rss_bytes": 5600001232,
          "gpu_used": false,
          "status": "success",
          "error_message": null
        },
        {
          "step_index": 1,
          "processor_name": "DominanceDetection",
          "wall_time_s": 21.924143055002787,
          "cpu_time_s": 21.850278603999982,
          "peak_rss_bytes": 1200002825,
          "gpu_used": false,
          "status": "success",
          "error_message": null
        }
      ],
      "started_at": "2026-02-19T16:48:14.545841+00:00",
      "completed_at": "2026-02-19T16:48:53.397925+00:00",
      "status": "success",
      "error_message": null
    },
    {
      "workflow_id": "Detection:1.0.0",
      "run_id": "eb087760-8957-4487-8135-fda493db34d7",
      "workflow_name": "Detection",
      "workflow_version": "1.0.0",
      "total_wall_time_s": 38.94866809199448,
      "total_cpu_time_s": 38.82079805700002,
      "peak_rss_bytes": 5600001168,
      "step_metrics": [
        {
          "step_index": 0,
          "processor_name": "SublookDecomposition",
          "wall_time_s": 16.958376849004708,
          "cpu_time_s": 16.90253158499999,
          "peak_rss_bytes": 5600001168,
          "gpu_used": false,
          "status": "success",
          "error_message": null
        },
        {
          "step_index": 1,
          "processor_name": "DominanceDetection",
          "wall_time_s": 21.986798210004054,
          "cpu_time_s": 21.914794854000007,
          "peak_rss_bytes": 1200002862,
          "gpu_used": false,
          "status": "success",
          "error_message": null
        }
      ],
      "started_at": "2026-02-19T16:48:53.398527+00:00",
      "completed_at": "2026-02-19T16:49:32.347230+00:00",
      "status": "success",
      "error_message": null
    },
    {
      "workflow_id": "Detection:1.0.0",
      "run_id": "93111483-bf58-45a3-9fd0-16b78ec64b02",
      "workflow_name": "Detection",
      "workflow_version": "1.0.0",
      "total_wall_time_s": 39.358406922998256,
      "total_cpu_time_s": 39.22665419299997,
      "peak_rss_bytes": 5600001088,
      "step_metrics": [
        {
          "step_index": 0,
          "processor_name": "SublookDecomposition",
          "wall_time_s": 17.217174359997443,
          "cpu_time_s": 17.15489376300002,
          "peak_rss_bytes": 5600001088,
          "gpu_used": false,
          "status": "success",
          "error_message": null
        },
        {
          "step_index": 1,
          "processor_name": "DominanceDetection",
          "wall_time_s": 22.13764237199939,
          "cpu_time_s": 22.06819052999998,
          "peak_rss_bytes": 1200002911,
          "gpu_used": false,
          "status": "success",
          "error_message": null
        }
      ],
      "started_at": "2026-02-19T16:49:32.556643+00:00",
      "completed_at": "2026-02-19T16:50:11.915097+00:00",
      "status": "success",
      "error_message": null
    }
  ],
  "tags": {
    "workflow": "Detection"
  },
  "created_at": "2026-02-19T16:50:12.123375+00:00",
  "metadata": {}
}