{
  "benchmark_id": "e6ccafd6-1450-46b9-b915-616cbfc28f72",
  "benchmark_type": "active",
  "workflow_name": "CSI",
  "workflow_version": "1.0.0",
  "iterations": 3,
  "hardware": {
    "cpu_count": 32,
    "total_memory_bytes": 540142198784,
    "gpu_available": true,
    "gpu_devices": [
      {
        "name": "NVIDIA A10",
        "memory_bytes": 23686938624,
        "device_index": 0
      },
      {
        "name": "NVIDIA A10",
        "memory_bytes": 23686938624,
        "device_index": 1
      }
    ],
    "gpu_memory_bytes": 47373877248,
    "platform_info": "Linux-5.14.0-611.30.1.el9_7.x86_64-x86_64-with-glibc2.39",
    "python_version": "3.12.3 (main, Nov  6 2025, 13:44:16) [GCC 13.3.0]",
    "hostname": "067cbb665a91",
    "captured_at": "2026-02-19T16:50:12.334631+00:00"
  },
  "total_wall_time": {
    "count": 3,
    "min": 25.67754629800038,
    "max": 26.115973291001865,
    "mean": 25.912857003999914,
    "median": 25.945051422997494,
    "stddev": 0.22097945042248832,
    "p95": 26.09888110420143,
    "values": [
      25.67754629800038,
      25.945051422997494,
      26.115973291001865
    ]
  },
  "total_cpu_time": {
    "count": 3,
    "min": 25.59410297300002,
    "max": 26.029300881999973,
    "mean": 25.826504716999995,
    "median": 25.856110295999997,
    "stddev": 0.21910425082692217,
    "p95": 26.011981823399974,
    "values": [
      25.59410297300002,
      25.856110295999997,
      26.029300881999973
    ]
  },
  "total_peak_rss": {
    "count": 3,
    "min": 1200001358.0,
    "max": 1200001430.0,
    "mean": 1200001387.3333333,
    "median": 1200001374.0,
    "stddev": 37.80652501002086,
    "p95": 1200001424.4,
    "values": [
      1200001358.0,
      1200001430.0,
      1200001374.0
    ]
  },
  "step_results": [
    {
      "step_index": 0,
      "processor_name": "CSIProcessor",
      "wall_time_s": {
        "count": 3,
        "min": 25.674752876002458,
        "max": 26.114093748001324,
        "mean": 25.910176902000483,
        "median": 25.941684081997664,
        "stddev": 0.22135859424407275,
        "p95": 26.09685278140096,
        "values": [
          25.674752876002458,
          25.941684081997664,
          26.114093748001324
        ]
      },
      "cpu_time_s": {
        "count": 3,
        "min": 25.591324922000013,
        "max": 26.02743680399999,
        "mean": 25.823842336000002,
        "median": 25.852765282000007,
        "stddev": 0.21948985400099913,
        "p95": 26.00996965179999,
        "values": [
          25.591324922000013,
          25.852765282000007,
          26.02743680399999
        ]
      },
      "peak_rss_bytes": {
        "count": 3,
        "min": 1200001358.0,
        "max": 1200001430.0,
        "mean": 1200001387.3333333,
        "median": 1200001374.0,
        "stddev": 37.80652501002086,
        "p95": 1200001424.4,
        "values": [
          1200001358.0,
          1200001430.0,
          1200001374.0
        ]
      },
      "gpu_used": false,
      "sample_count": 3
    }
  ],
  "raw_metrics": [
    {
      "workflow_id": "CSI:1.0.0",
      "run_id": "bf5a8441-1d6f-4045-a335-55ec99d505b8",
      "workflow_name": "CSI",
      "workflow_version": "1.0.0",
      "total_wall_time_s": 25.67754629800038,
      "total_cpu_time_s": 25.59410297300002,
      "peak_rss_bytes": 1200001358,
      "step_metrics": [
        {
          "step_index": 0,
          "processor_name": "CSIProcessor",
          "wall_time_s": 25.674752876002458,
          "cpu_time_s": 25.591324922000013,
          "peak_rss_bytes": 1200001358,
          "gpu_used": false,
          "status": "success",
          "error_message": null
        }
      ],
      "started_at": "2026-02-19T16:50:38.285684+00:00",
      "completed_at": "2026-02-19T16:51:03.963293+00:00",
      "status": "success",
      "error_message": null
    },
    {
      "workflow_id": "CSI:1.0.0",
      "run_id": "93d33b4d-a671-4187-9f48-645ea40d9163",
      "workflow_name": "CSI",
      "workflow_version": "1.0.0",
      "total_wall_time_s": 25.945051422997494,
      "total_cpu_time_s": 25.856110295999997,
      "peak_rss_bytes": 1200001430,
      "step_metrics": [
        {
          "step_index": 0,
          "processor_name": "CSIProcessor",
          "wall_time_s": 25.941684081997664,
          "cpu_time_s": 25.852765282000007,
          "peak_rss_bytes": 1200001430,
          "gpu_used": false,
          "status": "success",
          "error_message": null
        }
      ],
      "started_at": "2026-02-19T16:51:03.964466+00:00",
      "completed_at": "2026-02-19T16:51:29.909589+00:00",
      "status": "success",
      "error_message": null
    },
    {
      "workflow_id": "CSI:1.0.0",
      "run_id": "096975e6-8890-42b5-a02b-0ec2b38b423b",
      "workflow_name": "CSI",
      "workflow_version": "1.0.0",
      "total_wall_time_s": 26.115973291001865,
      "total_cpu_time_s": 26.029300881999973,
      "peak_rss_bytes": 1200001374,
      "step_metrics": [
        {
          "step_index": 0,
          "processor_name": "CSIProcessor",
          "wall_time_s": 26.114093748001324,
          "cpu_time_s": 26.02743680399999,
          "peak_rss_bytes": 1200001374,
          "gpu_used": false,
          "status": "success",
          "error_message": null
        }
      ],
      "started_at": "2026-02-19T16:51:30.118054+00:00",
      "completed_at": "2026-02-19T16:51:56.234074+00:00",
      "status": "success",
      "error_message": null
    }
  ],
  "tags": {
    "workflow": "CSI"
  },
  "created_at": "2026-02-19T16:51:56.439417+00:00",
  "metadata": {}
}