{
  "benchmark_id": "2971da19-a92a-4c99-bf2c-f3b141cd2a95",
  "benchmark_type": "component",
  "workflow_name": "CSIProcessor",
  "workflow_version": "1.0.0",
  "iterations": 5,
  "hardware": {
    "cpu_count": 32,
    "total_memory_bytes": 540142198784,
    "gpu_available": true,
    "gpu_devices": [
      {
        "name": "NVIDIA A10",
        "memory_bytes": 23686938624,
        "device_index": 0
      },
      {
        "name": "NVIDIA A10",
        "memory_bytes": 23686938624,
        "device_index": 1
      }
    ],
    "gpu_memory_bytes": 47373877248,
    "platform_info": "Linux-5.14.0-611.24.1.el9_7.x86_64-x86_64-with-glibc2.39",
    "python_version": "3.12.3 (main, Nov  6 2025, 13:44:16) [GCC 13.3.0]",
    "hostname": "ae76057ece50",
    "captured_at": "2026-02-19T00:07:43.688922+00:00"
  },
  "total_wall_time": {
    "count": 5,
    "min": 25.73839281499386,
    "max": 25.93174140690826,
    "mean": 25.824987058946864,
    "median": 25.83077184483409,
    "stddev": 0.08086601553007162,
    "p95": 25.919536715745927,
    "values": [
      25.753311276901513,
      25.93174140690826,
      25.870717951096594,
      25.73839281499386,
      25.83077184483409
    ]
  },
  "total_cpu_time": {
    "count": 5,
    "min": 25.649437653000007,
    "max": 25.83973307399998,
    "mean": 25.734165260999998,
    "median": 25.739567619000013,
    "stddev": 0.08023207543560439,
    "p95": 25.827871189999986,
    "values": [
      25.661664304999988,
      25.83973307399998,
      25.780423654000003,
      25.649437653000007,
      25.739567619000013
    ]
  },
  "total_peak_rss": {
    "count": 5,
    "min": 416.0,
    "max": 696.0,
    "mean": 520.0,
    "median": 504.0,
    "stddev": 104.76640682967036,
    "p95": 657.5999999999999,
    "values": [
      696.0,
      416.0,
      504.0,
      504.0,
      480.0
    ]
  },
  "step_results": [
    {
      "step_index": 0,
      "processor_name": "CSIProcessor",
      "wall_time_s": {
        "count": 5,
        "min": 25.73839281499386,
        "max": 25.93174140690826,
        "mean": 25.824987058946864,
        "median": 25.83077184483409,
        "stddev": 0.08086601553007162,
        "p95": 25.919536715745927,
        "values": [
          25.753311276901513,
          25.93174140690826,
          25.870717951096594,
          25.73839281499386,
          25.83077184483409
        ]
      },
      "cpu_time_s": {
        "count": 5,
        "min": 25.649437653000007,
        "max": 25.83973307399998,
        "mean": 25.734165260999998,
        "median": 25.739567619000013,
        "stddev": 0.08023207543560439,
        "p95": 25.827871189999986,
        "values": [
          25.661664304999988,
          25.83973307399998,
          25.780423654000003,
          25.649437653000007,
          25.739567619000013
        ]
      },
      "peak_rss_bytes": {
        "count": 5,
        "min": 416.0,
        "max": 696.0,
        "mean": 520.0,
        "median": 504.0,
        "stddev": 104.76640682967036,
        "p95": 657.5999999999999,
        "values": [
          696.0,
          416.0,
          504.0,
          504.0,
          480.0
        ]
      },
      "gpu_used": false,
      "sample_count": 5
    }
  ],
  "raw_metrics": [],
  "tags": {
    "module": "sar.detection",
    "workflow": "workflow",
    "source": "array/10000x10000/>c8",
    "step": "csi"
  },
  "created_at": "2026-02-19T00:10:18.828162+00:00",
  "metadata": {}
}