{
  "benchmark_id": "9517c92b-046c-4965-97e1-b20fc7a72a1c",
  "benchmark_type": "component",
  "workflow_name": "CSIProcessor",
  "workflow_version": "1.0.0",
  "iterations": 5,
  "hardware": {
    "cpu_count": 32,
    "total_memory_bytes": 540142198784,
    "gpu_available": true,
    "gpu_devices": [
      {
        "name": "NVIDIA A10",
        "memory_bytes": 23686938624,
        "device_index": 0
      },
      {
        "name": "NVIDIA A10",
        "memory_bytes": 23686938624,
        "device_index": 1
      }
    ],
    "gpu_memory_bytes": 47373877248,
    "platform_info": "Linux-5.14.0-611.24.1.el9_7.x86_64-x86_64-with-glibc2.39",
    "python_version": "3.12.3 (main, Nov  6 2025, 13:44:16) [GCC 13.3.0]",
    "hostname": "ae76057ece50",
    "captured_at": "2026-02-18T23:02:13.776502+00:00"
  },
  "total_wall_time": {
    "count": 5,
    "min": 25.794869216158986,
    "max": 26.027318777050823,
    "mean": 25.921117825433612,
    "median": 25.966242583934218,
    "stddev": 0.1098220449994649,
    "p95": 26.02289728266187,
    "values": [
      26.00521130510606,
      25.966242583934218,
      25.794869216158986,
      26.027318777050823,
      25.811947244917974
    ]
  },
  "total_cpu_time": {
    "count": 5,
    "min": 25.70724974000001,
    "max": 25.937356662000013,
    "mean": 25.8296315336,
    "median": 25.873291250000023,
    "stddev": 0.10727391131801522,
    "p95": 25.93141646680001,
    "values": [
      25.907655686,
      25.873291250000023,
      25.70724974000001,
      25.937356662000013,
      25.722604329999967
    ]
  },
  "total_peak_rss": {
    "count": 5,
    "min": 364.0,
    "max": 744.0,
    "mean": 495.2,
    "median": 480.0,
    "stddev": 147.63197485639753,
    "p95": 691.1999999999999,
    "values": [
      744.0,
      408.0,
      364.0,
      480.0,
      480.0
    ]
  },
  "step_results": [
    {
      "step_index": 0,
      "processor_name": "CSIProcessor",
      "wall_time_s": {
        "count": 5,
        "min": 25.794869216158986,
        "max": 26.027318777050823,
        "mean": 25.921117825433612,
        "median": 25.966242583934218,
        "stddev": 0.1098220449994649,
        "p95": 26.02289728266187,
        "values": [
          26.00521130510606,
          25.966242583934218,
          25.794869216158986,
          26.027318777050823,
          25.811947244917974
        ]
      },
      "cpu_time_s": {
        "count": 5,
        "min": 25.70724974000001,
        "max": 25.937356662000013,
        "mean": 25.8296315336,
        "median": 25.873291250000023,
        "stddev": 0.10727391131801522,
        "p95": 25.93141646680001,
        "values": [
          25.907655686,
          25.873291250000023,
          25.70724974000001,
          25.937356662000013,
          25.722604329999967
        ]
      },
      "peak_rss_bytes": {
        "count": 5,
        "min": 364.0,
        "max": 744.0,
        "mean": 495.2,
        "median": 480.0,
        "stddev": 147.63197485639753,
        "p95": 691.1999999999999,
        "values": [
          744.0,
          408.0,
          364.0,
          480.0,
          480.0
        ]
      },
      "gpu_used": false,
      "sample_count": 5
    }
  ],
  "raw_metrics": [],
  "tags": {
    "module": "sar.detection",
    "workflow": "ava_workflow",
    "chip_size": "10000",
    "rows": "10000",
    "cols": "10000",
    "array_size": "10000x10000",
    "step": "csi"
  },
  "created_at": "2026-02-18T23:04:49.424448+00:00",
  "metadata": {}
}