{
  "benchmark_id": "9b259f05-b622-40ef-988c-7349223d6743",
  "benchmark_type": "active",
  "workflow_name": "AvaDetection",
  "workflow_version": "1.0.0",
  "iterations": 5,
  "hardware": {
    "cpu_count": 32,
    "total_memory_bytes": 540142198784,
    "gpu_available": true,
    "gpu_devices": [
      {
        "name": "NVIDIA A10",
        "memory_bytes": 23686938624,
        "device_index": 0
      },
      {
        "name": "NVIDIA A10",
        "memory_bytes": 23686938624,
        "device_index": 1
      }
    ],
    "gpu_memory_bytes": 47373877248,
    "platform_info": "Linux-5.14.0-611.24.1.el9_7.x86_64-x86_64-with-glibc2.39",
    "python_version": "3.12.3 (main, Nov  6 2025, 13:44:16) [GCC 13.3.0]",
    "hostname": "ae76057ece50",
    "captured_at": "2026-02-19T00:03:47.504063+00:00"
  },
  "total_wall_time": {
    "count": 5,
    "min": 38.94999660621397,
    "max": 39.263737234985456,
    "mean": 39.12980508706532,
    "median": 39.133282374124974,
    "stddev": 0.12750385266047398,
    "p95": 39.25783347939141,
    "values": [
      39.263737234985456,
      39.23421845701523,
      39.133282374124974,
      38.94999660621397,
      39.06779076298699
    ]
  },
  "total_cpu_time": {
    "count": 5,
    "min": 38.811251736,
    "max": 39.12253373499999,
    "mean": 38.9901939132,
    "median": 38.992441996,
    "stddev": 0.126126320672894,
    "p95": 39.11669289899999,
    "values": [
      39.12253373499999,
      39.093329555,
      38.992441996,
      38.811251736,
      38.93141254400001
    ]
  },
  "total_peak_rss": {
    "count": 5,
    "min": 5600001120.0,
    "max": 5600001344.0,
    "mean": 5600001238.4,
    "median": 5600001264.0,
    "stddev": 83.59904305672404,
    "p95": 5600001328.0,
    "values": [
      5600001264.0,
      5600001344.0,
      5600001264.0,
      5600001200.0,
      5600001120.0
    ]
  },
  "step_results": [
    {
      "step_index": 0,
      "processor_name": "SublookDecomposition",
      "wall_time_s": {
        "count": 5,
        "min": 16.930493061896414,
        "max": 17.217455310048535,
        "mean": 17.041427306598052,
        "median": 17.041815656004474,
        "stddev": 0.10925741936984146,
        "p95": 17.1825020368211,
        "values": [
          17.041815656004474,
          17.217455310048535,
          17.042688943911344,
          16.974683561129496,
          16.930493061896414
        ]
      },
      "cpu_time_s": {
        "count": 5,
        "min": 16.872569408999993,
        "max": 17.153025620999983,
        "mean": 16.979944983800003,
        "median": 16.980170794000003,
        "stddev": 0.10727875880033474,
        "p95": 17.11870845439999,
        "values": [
          16.980170794000003,
          17.153025620999983,
          16.981439788000017,
          16.912519307000025,
          16.872569408999993
        ]
      },
      "peak_rss_bytes": {
        "count": 5,
        "min": 5600001120.0,
        "max": 5600001344.0,
        "mean": 5600001238.4,
        "median": 5600001264.0,
        "stddev": 83.59904305672404,
        "p95": 5600001328.0,
        "values": [
          5600001264.0,
          5600001344.0,
          5600001264.0,
          5600001200.0,
          5600001120.0
        ]
      },
      "gpu_used": false,
      "sample_count": 5
    },
    {
      "step_index": 1,
      "processor_name": "DominanceDetection",
      "wall_time_s": {
        "count": 5,
        "min": 21.971643726108596,
        "max": 22.218331245006993,
        "mean": 22.084284611372276,
        "median": 22.08489344501868,
        "stddev": 0.09767338634090125,
        "p95": 22.201371352979912,
        "values": [
          22.218331245006993,
          22.013022855855525,
          22.08489344501868,
          21.971643726108596,
          22.133531784871593
        ]
      },
      "cpu_time_s": {
        "count": 5,
        "min": 21.89510092200001,
        "max": 22.13880302300001,
        "mean": 22.00618990040001,
        "median": 22.00534669700002,
        "stddev": 0.0963907217044275,
        "p95": 22.12206398940001,
        "values": [
          22.13880302300001,
          21.936591004999997,
          22.00534669700002,
          21.89510092200001,
          22.055107855000017
        ]
      },
      "peak_rss_bytes": {
        "count": 5,
        "min": 1200002724.0,
        "max": 1200003025.0,
        "mean": 1200002905.6,
        "median": 1200002975.0,
        "stddev": 125.82448092481845,
        "p95": 1200003015.4,
        "values": [
          1200002975.0,
          1200002977.0,
          1200003025.0,
          1200002724.0,
          1200002827.0
        ]
      },
      "gpu_used": false,
      "sample_count": 5
    }
  ],
  "raw_metrics": [
    {
      "workflow_id": "AvaDetection:1.0.0",
      "run_id": "71fbe82a-2702-4287-986a-f6bfe5760c2e",
      "workflow_name": "AvaDetection",
      "workflow_version": "1.0.0",
      "total_wall_time_s": 39.263737234985456,
      "total_cpu_time_s": 39.12253373499999,
      "peak_rss_bytes": 5600001264,
      "step_metrics": [
        {
          "step_index": 0,
          "processor_name": "SublookDecomposition",
          "wall_time_s": 17.041815656004474,
          "cpu_time_s": 16.980170794000003,
          "peak_rss_bytes": 5600001264,
          "gpu_used": false,
          "status": "success",
          "error_message": null
        },
        {
          "step_index": 1,
          "processor_name": "DominanceDetection",
          "wall_time_s": 22.218331245006993,
          "cpu_time_s": 22.13880302300001,
          "peak_rss_bytes": 1200002975,
          "gpu_used": false,
          "status": "success",
          "error_message": null
        }
      ],
      "started_at": "2026-02-19T00:04:26.986439+00:00",
      "completed_at": "2026-02-19T00:05:06.250222+00:00",
      "status": "success",
      "error_message": null
    },
    {
      "workflow_id": "AvaDetection:1.0.0",
      "run_id": "dca1c259-933e-456a-a395-34efbb4fe7f7",
      "workflow_name": "AvaDetection",
      "workflow_version": "1.0.0",
      "total_wall_time_s": 39.23421845701523,
      "total_cpu_time_s": 39.093329555,
      "peak_rss_bytes": 5600001344,
      "step_metrics": [
        {
          "step_index": 0,
          "processor_name": "SublookDecomposition",
          "wall_time_s": 17.217455310048535,
          "cpu_time_s": 17.153025620999983,
          "peak_rss_bytes": 5600001344,
          "gpu_used": false,
          "status": "success",
          "error_message": null
        },
        {
          "step_index": 1,
          "processor_name": "DominanceDetection",
          "wall_time_s": 22.013022855855525,
          "cpu_time_s": 21.936591004999997,
          "peak_rss_bytes": 1200002977,
          "gpu_used": false,
          "status": "success",
          "error_message": null
        }
      ],
      "started_at": "2026-02-19T00:05:06.250837+00:00",
      "completed_at": "2026-02-19T00:05:45.485092+00:00",
      "status": "success",
      "error_message": null
    },
    {
      "workflow_id": "AvaDetection:1.0.0",
      "run_id": "499d812b-2191-4cea-b52c-78fbc8db9b66",
      "workflow_name": "AvaDetection",
      "workflow_version": "1.0.0",
      "total_wall_time_s": 39.133282374124974,
      "total_cpu_time_s": 38.992441996,
      "peak_rss_bytes": 5600001264,
      "step_metrics": [
        {
          "step_index": 0,
          "processor_name": "SublookDecomposition",
          "wall_time_s": 17.042688943911344,
          "cpu_time_s": 16.981439788000017,
          "peak_rss_bytes": 5600001264,
          "gpu_used": false,
          "status": "success",
          "error_message": null
        },
        {
          "step_index": 1,
          "processor_name": "DominanceDetection",
          "wall_time_s": 22.08489344501868,
          "cpu_time_s": 22.00534669700002,
          "peak_rss_bytes": 1200003025,
          "gpu_used": false,
          "status": "success",