{
  "benchmark_id": "f223f50b-a71f-4183-be5a-a66b518e87a6",
  "benchmark_type": "component",
  "workflow_name": "DominanceDetection",
  "workflow_version": "1.0.0",
  "iterations": 5,
  "hardware": {
    "cpu_count": 32,
    "total_memory_bytes": 540142198784,
    "gpu_available": true,
    "gpu_devices": [
      {
        "name": "NVIDIA A10",
        "memory_bytes": 23686938624,
        "device_index": 0
      },
      {
        "name": "NVIDIA A10",
        "memory_bytes": 23686938624,
        "device_index": 1
      }
    ],
    "gpu_memory_bytes": 47373877248,
    "platform_info": "Linux-5.14.0-611.24.1.el9_7.x86_64-x86_64-with-glibc2.39",
    "python_version": "3.12.3 (main, Nov  6 2025, 13:44:16) [GCC 13.3.0]",
    "hostname": "ae76057ece50",
    "captured_at": "2026-02-18T23:00:06.044472+00:00"
  },
  "total_wall_time": {
    "count": 5,
    "min": 21.198861638084054,
    "max": 21.470304656075314,
    "mean": 21.293218068266288,
    "median": 21.276630267035216,
    "stddev": 0.10891480251948907,
    "p95": 21.43799357665703,
    "values": [
      21.470304656075314,
      21.276630267035216,
      21.30874925898388,
      21.211544521152973,
      21.198861638084054
    ]
  },
  "total_cpu_time": {
    "count": 5,
    "min": 21.12676836000003,
    "max": 21.385158330999985,
    "mean": 21.214845151200013,
    "median": 21.199626461999998,
    "stddev": 0.10431244269029918,
    "p95": 21.35364913759999,
    "values": [
      21.385158330999985,
      21.199626461999998,
      21.22761236400001,
      21.13506023900004,
      21.12676836000003
    ]
  },
  "total_peak_rss": {
    "count": 5,
    "min": 1790.0,
    "max": 2308.0,
    "mean": 2022.4,
    "median": 2044.0,
    "stddev": 222.87844220561126,
    "p95": 2278.0,
    "values": [
      2308.0,
      2158.0,
      2044.0,
      1812.0,
      1790.0
    ]
  },
  "step_results": [
    {
      "step_index": 0,
      "processor_name": "DominanceDetection",
      "wall_time_s": {
        "count": 5,
        "min": 21.198861638084054,
        "max": 21.470304656075314,
        "mean": 21.293218068266288,
        "median": 21.276630267035216,
        "stddev": 0.10891480251948907,
        "p95": 21.43799357665703,
        "values": [
          21.470304656075314,
          21.276630267035216,
          21.30874925898388,
          21.211544521152973,
          21.198861638084054
        ]
      },
      "cpu_time_s": {
        "count": 5,
        "min": 21.12676836000003,
        "max": 21.385158330999985,
        "mean": 21.214845151200013,
        "median": 21.199626461999998,
        "stddev": 0.10431244269029918,
        "p95": 21.35364913759999,
        "values": [
          21.385158330999985,
          21.199626461999998,
          21.22761236400001,
          21.13506023900004,
          21.12676836000003
        ]
      },
      "peak_rss_bytes": {
        "count": 5,
        "min": 1790.0,
        "max": 2308.0,
        "mean": 2022.4,
        "median": 2044.0,
        "stddev": 222.87844220561126,
        "p95": 2278.0,
        "values": [
          2308.0,
          2158.0,
          2044.0,
          1812.0,
          1790.0
        ]
      },
      "gpu_used": false,
      "sample_count": 5
    }
  ],
  "raw_metrics": [],
  "tags": {
    "module": "sar.detection",
    "workflow": "ava_workflow",
    "chip_size": "10000",
    "rows": "10000",
    "cols": "10000",
    "array_size": "10000x10000",
    "step": "dominance"
  },
  "created_at": "2026-02-18T23:02:13.770941+00:00",
  "metadata": {}
}