{
  "benchmark_id": "f8bcab48-c158-4893-b8f0-8bc9e11883d0",
  "benchmark_type": "component",
  "workflow_name": "SublookDecomposition",
  "workflow_version": "1.0.0",
  "iterations": 5,
  "hardware": {
    "cpu_count": 32,
    "total_memory_bytes": 540142198784,
    "gpu_available": true,
    "gpu_devices": [
      {
        "name": "NVIDIA A10",
        "memory_bytes": 23686938624,
        "device_index": 0
      },
      {
        "name": "NVIDIA A10",
        "memory_bytes": 23686938624,
        "device_index": 1
      }
    ],
    "gpu_memory_bytes": 47373877248,
    "platform_info": "Linux-5.14.0-611.24.1.el9_7.x86_64-x86_64-with-glibc2.39",
    "python_version": "3.12.3 (main, Nov  6 2025, 13:44:16) [GCC 13.3.0]",
    "hostname": "ae76057ece50",
    "captured_at": "2026-02-18T22:58:18.346364+00:00"
  },
  "total_wall_time": {
    "count": 5,
    "min": 17.809009794844314,
    "max": 17.979084216058254,
    "mean": 17.900694960588588,
    "median": 17.925294516142458,
    "stddev": 0.08553872260941427,
    "p95": 17.979037517635152,
    "values": [
      17.979084216058254,
      17.809009794844314,
      17.97885072394274,
      17.81123555195518,
      17.925294516142458
    ]
  },
  "total_cpu_time": {
    "count": 5,
    "min": 17.745285104999994,
    "max": 17.916598351999994,
    "mean": 17.835948859999995,
    "median": 17.859450331000005,
    "stddev": 0.08574544370102526,
    "p95": 17.915877773199995,
    "values": [
      17.912995457999997,
      17.74541505399999,
      17.916598351999994,
      17.745285104999994,
      17.859450331000005
    ]
  },
  "total_peak_rss": {
    "count": 5,
    "min": 472.0,
    "max": 1224.0,
    "mean": 699.2,
    "median": 608.0,
    "stddev": 308.21291342187465,
    "p95": 1120.0,
    "values": [
      1224.0,
      608.0,
      704.0,
      472.0,
      488.0
    ]
  },
  "step_results": [
    {
      "step_index": 0,
      "processor_name": "SublookDecomposition",
      "wall_time_s": {
        "count": 5,
        "min": 17.809009794844314,
        "max": 17.979084216058254,
        "mean": 17.900694960588588,
        "median": 17.925294516142458,
        "stddev": 0.08553872260941427,
        "p95": 17.979037517635152,
        "values": [
          17.979084216058254,
          17.809009794844314,
          17.97885072394274,
          17.81123555195518,
          17.925294516142458
        ]
      },
      "cpu_time_s": {
        "count": 5,
        "min": 17.745285104999994,
        "max": 17.916598351999994,
        "mean": 17.835948859999995,
        "median": 17.859450331000005,
        "stddev": 0.08574544370102526,
        "p95": 17.915877773199995,
        "values": [
          17.912995457999997,
          17.74541505399999,
          17.916598351999994,
          17.745285104999994,
          17.859450331000005
        ]
      },
      "peak_rss_bytes": {
        "count": 5,
        "min": 472.0,
        "max": 1224.0,
        "mean": 699.2,
        "median": 608.0,
        "stddev": 308.21291342187465,
        "p95": 1120.0,
        "values": [
          1224.0,
          608.0,
          704.0,
          472.0,
          488.0
        ]
      },
      "gpu_used": false,
      "sample_count": 5
    }
  ],
  "raw_metrics": [],
  "tags": {
    "module": "sar.detection",
    "workflow": "ava_workflow",
    "chip_size": "10000",
    "rows": "10000",
    "cols": "10000",
    "array_size": "10000x10000",
    "step": "sublook"
  },
  "created_at": "2026-02-18T23:00:06.039552+00:00",
  "metadata": {}
}